Top pages,Clicks,Impressions,CTR,Position
https://toolyy.net/,1,30,3.33%,7.53
https://toolyy.net/tools/jpg-to-webp,1,7,14.29%,19.14
https://toolyy.net/tools/lbs-to-kg,0,118,0%,81.52
https://toolyy.net/tools/kg-to-lbs,0,64,0%,91.61
https://toolyy.net/tools/unit-converter,0,40,0%,59.52
https://toolyy.net/tools/instagram-image-resizer,0,36,0%,93.53
https://toolyy.net/tools/qr-generator,0,30,0%,59.27
https://toolyy.net/tools/mp4-to-mp3,0,27,0%,58.44
https://toolyy.net/tools/transparent-background-maker,0,19,0%,67.63
https://toolyy.net/tools/json-formatter,0,16,0%,34.44
https://toolyy.net/feedback,0,14,0%,2.5
https://toolyy.net/tools/image-converter,0,9,0%,12.89
https://toolyy.net/tools/length-unit-converter,0,9,0%,68.67
https://toolyy.net/tools/mp4-to-mp3/,0,8,0%,7.38
https://toolyy.net/tools/background-remover,0,6,0%,7
https://toolyy.net/?q=%7Bsearch_term_string%7D,0,6,0%,12.17
https://toolyy.net/tools/wifi-qr-code,0,6,0%,35.33
https://toolyy.net/tools/remove-background,0,5,0%,5
https://toolyy.net/tools/remove-bg-alternative,0,5,0%,25.2
https://toolyy.net/tools/png-to-webp,0,4,0%,13
https://toolyy.net/tools/json-formatter/,0,3,0%,3
https://toolyy.net/tools/cm-to-inches,0,3,0%,53.67
https://toolyy.net/tools/image-converter/,0,2,0%,6.5
http://toolyy.net/,0,1,0%,2
https://toolyy.net/tools/social-resizer,0,1,0%,87