Top queries,Clicks,Impressions,CTR,Position
jpeg to webp,1,2,50%,38.5
lbs to kg,0,12,0%,81
instagram image resizer,0,9,0%,94.78
qr generator platby,0,6,0%,77.5
unit converter length,0,6,0%,89.33
instagram photo resizer,0,6,0%,97.67
uitly.com - free qr code generator,0,5,0%,46.4
length unit converter,0,5,0%,85.4
tooly,0,3,0%,65
make background transparent,0,3,0%,79
rmqr code generator,0,3,0%,83.33
instagram picture resizer,0,3,0%,91.67
instagram resizer,0,3,0%,93
convert mp4 into mp3 online,0,3,0%,96.67
online json formatter,0,2,0%,69.5
libre to kilo,0,2,0%,72
qr code generator platba,0,2,0%,77.5
lbs en kilo,0,2,0%,80
lb to kg,0,2,0%,80.5
lbs into kg,0,2,0%,82
online image background transparent,0,2,0%,84
length converter,0,2,0%,85
kg to lbs,0,2,0%,85.5
libra kg converter,0,2,0%,85.5
pound to kg conversion calculator,0,2,0%,86.5
pound to kilo converter,0,2,0%,86.5
convert mp4 to mp3 free online,0,2,0%,87
kms to lbs,0,2,0%,87
make background transparent online,0,2,0%,90.5
kgs to lbs,0,2,0%,91.5
kg to lb converter,0,2,0%,92.5
kg to lbs converter,0,2,0%,94.5
resizer for instagram,0,2,0%,95
resize for instagram online,0,2,0%,95.5
transparent background maker,0,2,0%,97.5
weight conversion kg to lbs calculator,0,2,0%,99.5
reduce image mb,0,1,0%,1
json pretty online,0,1,0%,54
13500 lbs to kg,0,1,0%,60
jsonlint online,0,1,0%,64
json beautifier online,0,1,0%,66
google length converter,0,1,0%,67
json formatter online,0,1,0%,69
libras to kilogramos,0,1,0%,69
30000 lbs to kg,0,1,0%,70
convertor marimi,0,1,0%,70
lbs on kg,0,1,0%,70
libras kg convert,0,1,0%,70
mp4 to mp3 converter online,0,1,0%,70
mp4 to mp3 converter online free,0,1,0%,70
lbs in kilogram,0,1,0%,71
libbre to kg,0,1,0%,71
conversion lb en kg,0,1,0%,72
json beautifier online free,0,1,0%,72
change lbs to kg,0,1,0%,73
lb kilos,0,1,0%,73
multimedia qr code generator,0,1,0%,73
4 lbs kg,0,1,0%,74
conversion units length,0,1,0%,74
extract mp3 from mp4 online,0,1,0%,74
mp4 to mp3 downloader online,0,1,0%,74
mp4 url to mp3,0,1,0%,74
4 lbs to kg,0,1,0%,75
40000 lbs in kg,0,1,0%,75
pd to kg,0,1,0%,75
convert lbs en kg,0,1,0%,76
convertisseur lbs kgs,0,1,0%,76
ips to kg,0,1,0%,76
lbs en kilos,0,1,0%,76
conversão lbs kg,0,1,0%,77
1 kg to lb conversion,0,1,0%,78
conversion lbs en kilo,0,1,0%,78
instagram size online,0,1,0%,78
kili in pounds,0,1,0%,78
lb naar kg,0,1,0%,78
lbs in to kg,0,1,0%,78
lbs to mass,0,1,0%,78
length unit conversion,0,1,0%,78
p to kg,0,1,0%,78
remove.bg alternative,0,1,0%,78
conversion calculator pounds to kilograms,0,1,0%,79
conversion lb to kg,0,1,0%,79
convert ib to kg,0,1,0%,79
convert lbs to kg,0,1,0%,79
labs in kg,0,1,0%,79
lbs in kg,0,1,0%,79
pounds to kl,0,1,0%,79
pure js wifi qr code generator,0,1,0%,79
resize photo instagram,0,1,0%,79
convert mp4 to mp3 online for free,0,1,0%,80
distance converter,0,1,0%,80
ib in kg,0,1,0%,80
lb in kgs,0,1,0%,80
lb in to kg,0,1,0%,80
lbs to jg,0,1,0%,80
libra kg calculator,0,1,0%,80
online conversion length,0,1,0%,80
pounds to kilograms conversion calculator,0,1,0%,80
weight in kilometers,0,1,0%,80
converter of length,0,1,0%,81
lb to kilo conversion,0,1,0%,81
lbs to kgs,0,1,0%,81
libre kg converter,0,1,0%,81
1 lb to kg,0,1,0%,82
converter lb kg,0,1,0%,82
ibs to kg,0,1,0%,82
lb en kg,0,1,0%,82
lbs to kg convertor,0,1,0%,82
lbs to ks,0,1,0%,82
weight lbs to kg,0,1,0%,82
conversor pounds kg,0,1,0%,83
extract mp3 from mp4,0,1,0%,83
kg to a pound,0,1,0%,83
lb weight to kg,0,1,0%,83
lbs to kg converter calculator,0,1,0%,83
my weight in kilos,0,1,0%,83
pounds to kg converter,0,1,0%,83
pounds to kgs converter,0,1,0%,83
weight converter lb to kg,0,1,0%,83
convertitore kg lb,0,1,0%,84
lb kg converter,0,1,0%,84
lbg to kg,0,1,0%,84
lbs kg,0,1,0%,84
lbs to kg calculator online free,0,1,0%,84
pounds to kilo converter,0,1,0%,84
calculator kg to pounds,0,1,0%,85
conversion units for length,0,1,0%,85
conversione kg in pounds,0,1,0%,85
how many lb in kg,0,1,0%,85
lb to kg conversion,0,1,0%,85
lb to kg converter,0,1,0%,85
lb to kgs,0,1,0%,85
lb to kgs converter,0,1,0%,85
lbs kg converter,0,1,0%,85
pound vs kilo,0,1,0%,85
pounds to kg conversion calculator,0,1,0%,85
pounds to kilogram converter,0,1,0%,85
resize image for ig story,0,1,0%,85
separate mp3 from mp4,0,1,0%,85
weight converter kg to lbs,0,1,0%,85
weight converter lbs to kilos,0,1,0%,85
conversion lb to kg calculator,0,1,0%,86
convert length online,0,1,0%,86
converter lbs to kg calculator,0,1,0%,86
converter length,0,1,0%,86
convertisseur pounds en kg,0,1,0%,86
distance unit converter,0,1,0%,86
lbs to kilos,0,1,0%,86
make background transparent online free,0,1,0%,86
online conversion from mp4 to mp3,0,1,0%,86
or generator,0,1,0%,86
1/4 lb to kg,0,1,0%,87
convert lbs to kgs calculator,0,1,0%,87
kg and lbs,0,1,0%,87
lb to kg conversion calculator,0,1,0%,87
pound to kg,0,1,0%,87
pounds in kg calculator,0,1,0%,87
social media photo resizer,0,1,0%,87
cambio kg pounds,0,1,0%,88
conversion weight kg to lb,0,1,0%,88
convert 1 kilo to lbs,0,1,0%,88
convert kg to lb calculator,0,1,0%,88
instagram resize tool,0,1,0%,88
lbs to kg calculator,0,1,0%,88
pound to kg weight converter,0,1,0%,88
calculator length converter,0,1,0%,89
convert pounds to kg calculator,0,1,0%,89
free internet qr code,0,1,0%,89
instagram image resizer online free,0,1,0%,89
kms to pounds,0,1,0%,89
lbs to kg conversion calculator,0,1,0%,89
lbs to kilograms converter,0,1,0%,89
transparent background maker online,0,1,0%,89
conversion calculator for length,0,1,0%,90
convert kilos to lbs calculator,0,1,0%,90
kilograms vs pounds calculator,0,1,0%,90
kls to pounds,0,1,0%,90
lbs convert to kg,0,1,0%,90
p to kg converter,0,1,0%,90
pounds in kgs calculator,0,1,0%,90
qr encoder online,0,1,0%,90
unit conversion length,0,1,0%,90
converter lbs kg,0,1,0%,91
kg in lbs umrechnen,0,1,0%,91
kilograms in pounds converter,0,1,0%,91
kilos to lbs converter,0,1,0%,91
kl to pounds converter,0,1,0%,91
photo resizer instagram,0,1,0%,91
pounds to kg calculator,0,1,0%,91
qr converter,0,1,0%,91
kg in to lbs,0,1,0%,92
kg lbs conversion calculator,0,1,0%,92
kilos a pounds,0,1,0%,92
make background transparent free,0,1,0%,92
weight converter kg to lbs calculator,0,1,0%,92
convert kilos to pounds calculator,0,1,0%,93
convert picture background to transparent,0,1,0%,93
picture resizer for instagram,0,1,0%,93
qrsly,0,1,0%,93
weight into kg,0,1,0%,93
how to make background transparent ai,0,1,0%,94
instagram post converter,0,1,0%,94
kg to lb calculator,0,1,0%,94
online qr generator,0,1,0%,94
kg to lb conversion calculator,0,1,0%,95
kg to lbs calculator,0,1,0%,95
kilo to pound calculator,0,1,0%,95
change kg to lbs,0,1,0%,96
conversion calculator kg to pounds,0,1,0%,96
convert kg to lbs calculator,0,1,0%,96
kg and pound converter,0,1,0%,96
kg to us pounds converter,0,1,0%,96
transform kg in lbs,0,1,0%,96
weight to kg calculator,0,1,0%,96
convert kilo to lbs calculator,0,1,0%,97
convert kilo to lbs weight,0,1,0%,97
convert mpeg4 to mp3 free online,0,1,0%,97
kg to lbs calculation,0,1,0%,97
kilogram converter,0,1,0%,97
kilograms to pounds,0,1,0%,97
kilos to pounds calculator,0,1,0%,97
weight conversion calculator kg to lbs,0,1,0%,97
weight converter kg to lb,0,1,0%,97
instagram photo converter,0,1,0%,98
instagram story size converter,0,1,0%,98
kg to in,0,1,0%,98
kg to lb,0,1,0%,98
conversion weight kg to pounds calculator,0,1,0%,99
converter free mp4 to mp3,0,1,0%,99
kilogram pound conversion calculator,0,1,0%,99
units length conversion,0,1,0%,99
cem to inch,0,1,0%,100
instagram post size converter,0,1,0%,100
kilo to weight conversion,0,1,0%,100
qr code converter,0,1,0%,100